{"cameraMode":{"drawMode":0,"name":"Shaded","section":"Shading Mode"},"sceneLighting":false,"audioPlay":false,"sceneViewState":{"showFog":true,"showMaterialUpdate":false,"showSkybox":false,"showFlares":true,"showImageEffects":true,"showParticleSystems":true},"in2DMode":false,"pivot":{"x":128.1447296142578,"y":19.456052780151368,"z":128.01242065429688},"rotation":{"x":-0.05739247053861618,"y":0.6557744741439819,"z":0.05001077800989151,"w":0.7512577772140503},"size":1.3245375156402588,"orthographic":false}