{"cameraMode":{"drawMode":0,"name":"Shaded","section":"Shading Mode"},"sceneLighting":false,"audioPlay":false,"sceneViewState":{"showFog":true,"showMaterialUpdate":false,"showSkybox":true,"showFlares":true,"showImageEffects":true,"showParticleSystems":true},"in2DMode":false,"pivot":{"x":-11.372589111328125,"y":-81.77285766601563,"z":114.25355529785156},"rotation":{"x":-0.1562369167804718,"y":0.8203367590904236,"z":-0.2662268280982971,"w":-0.48142021894454958},"size":314.7677307128906,"orthographic":false}